person_id;first_name;last_name;address_id;birthday;role_id
1;Katarzyna;Rutkowska;1;1980-10-11;1
2;Wiktoria;Grabowska;2;1980-10-11;1
3;Józef;Duda;3;1980-10-11;1
4;Gracja;Olszewska;4;1980-10-11;1
5;Albin;Czarnecki;5;1980-10-11;1
6;Ignacy;Sawicki;6;1980-10-11;1
7;Donat;Pawłowski;7;1980-10-11;1
8;Felicja;Kwiatkowska;8;1980-10-11;1
9;Gustaw;Wysocki;9;1980-10-11;1
10;Tymon;Tomaszewski;10;1980-10-11;1
11;Włodek;Kozłowski;11;1980-10-11;1
12;Czesław;Kamiński;12;1980-10-11;1
13;Łucja;Woźniak;13;1980-10-11;1
14;Roksana;Tomaszewska;14;1980-10-11;1
15;Oliwia;Czarnecka;15;1980-10-11;1
16;Jacek;Kaczmarek;16;1980-10-11;1
17;Sylwia;Kozłowska;17;1980-10-11;1
18;Gustaw;Sokołowski;18;1980-10-11;1
19;Michał;Nowakowski;19;1980-10-11;1
20;Jarosław;Marczak;20;1980-10-11;1
21;Augustyn;Zając;21;1980-10-11;1
22;Narcyz;Wysocki;22;1980-10-11;1
23;Dawid;Wieczorek;23;1980-10-11;1
24;Mieczysław;Ostrowski;24;1980-10-11;1
25;Julita;Majewska;25;1980-10-11;1
26;Jakub;Nowak;26;1980-10-11;1
27;Włodzimierz;Duda;27;1980-10-11;1
28;Paweł;Ostrowski;28;1980-10-11;1
29;Jakub;Malinowski;29;1980-10-11;1
30;Marek;Wiśniewski;30;1980-10-11;1
31;Tomasz;Kucharski;31;1980-10-11;1
32;Sebastian;Baranowski;32;1980-10-11;1
33;Marcin;Gajewski;33;1980-10-11;1
34;Adam;Jasiński;34;1980-10-11;1
35;Piotr;Adamczyk;35;1980-10-11;1
36;Maciej;Sikora;36;1980-10-11;1
37;Krzysztof;Głowacki;37;1980-10-11;1
38;Piotr;Szymański;38;1980-10-11;1
39;Mateusz;Michalak;39;1980-10-11;1
40;Edyta;Nowicka;40;1980-10-11;1
41;Robert;Włodarczyk;41;1980-10-11;1
42;Adam;Laskowski;42;1980-10-11;1
43;Jakub;Pietrzak;43;1980-10-11;1
44;Maria;Wiśniewska;44;1980-10-11;1
45;Andrzej;Szewczyk;45;1980-10-11;1
46;Jerzy;Wróblewski;46;1980-10-11;1
47;Marcin;Kot;47;1980-10-11;1
48;Kazimierz;Król;48;1980-10-11;1
49;Jacek;Kalmar;49;1980-10-11;1
